insert into categories (id, name)
values (1, 'Смартфоны'),
       (2, 'Аудиотехника'),
       (3, 'Аксессуары');

insert into categories (id,parent_category, name)
values (11, null,  'Apple'),
       (12, null,  'Samsung'),
       (13, null,  'Huawei'),
       (21, null,  'Наушники'),
       (22, null,  'Колонки'),
       (211, 'Наушники', 'Беспроводные наушники'),
       (212, 'Наушники',  'Проводные наушники'),
       (221, 'Колонки',  'Портативные колонки'),
       (222, 'Колонки',  'Колонки с голосовым помощником'),
       (31, null,  'Чехлы'),
       (32, null,  'Зарядные устройства'),
       (33, null,  'Защитные стекла'),
       (311, 'Чехлы',  'Чехлы на IPhone'),
       (312, 'Чехлы',  'Чехлы на Samsung'),
       (313, 'Чехлы',  'Чехлы на Huawei'),
       (321, 'Зарядные устройства',  'Зарядные устройства lightning'),
       (322, 'Зарядные устройства',  'Зарядные устройства Type-C'),
       (323, 'Зарядные устройства',  'Зарядные устройства micro USB'),
       (331, 'Защитные стекла',  'Стекла на IPhone'),
       (332, 'Защитные стекла',  'Стекла на Samsung'),
       (333, 'Защитные стекла',  'Стекла на Huawei');

insert into product_property (product_property_id)
values  (111),
        (112),
        (113),
        (121),
        (122),
        (123),
        (124),
        (131),
        (132),
        (133),
        (211),
        (212),
        (213),
        (214),
        (215),
        (216),
        (217),
        (218),
        (219),
        (220),
        (221),
        (222),
        (223),
        (224),
        (225),
        (226),
        (311),
        (312),
        (313),
        (314),
        (315),
        (316),
        (317),
        (318),
        (319),
        (320),
        (321),
        (322),
        (323),
        (324),
        (325),
        (326),
        (327),
        (328),
        (329),
        (330),
        (331);



insert into property (property_id, product_property_id, name, value)
values (1, 111, 'Модель', 'Apple IPhone 12'),
       (2, 111, 'Память', '128 Гб'),
       (3, 111, 'Цвет', 'Белый'),
       (4, 111, 'Емкость аккумулятора', '2815 мАч'),
       (5, 111, 'Страна производитель', 'Китай'),
       (6, 112, 'Модель', 'Apple IPhone 13'),
       (7, 112, 'Память', '256 Гб'),
       (8, 112, 'Цвет', 'Белый'),
       (9, 112, 'Емкость аккумулятора', '2815 мАч'),
       (10, 112, 'Страна производитель', 'Китай'),
       (11, 113, 'Модель', 'Apple IPhone 14'),
       (12, 113, 'Память', '128 Гб'),
       (13, 113, 'Цвет', 'Белый'),
       (14, 113, 'Емкость аккумулятора', '3200 мАч'),
       (15, 113, 'Страна производитель', 'Китай'),
       (16, 121, 'Модель', 'Samsung S22'),
       (17, 121, 'Память', '128 Гб'),
       (18, 121, 'Цвет', 'Лавандовый'),
       (19, 121, 'Емкость аккумулятора', '3590 мАч'),
       (20, 121, 'Страна производитель', 'Вьетнам'),
       (21, 122, 'Модель', 'Samsung S22+'),
       (22, 122, 'Память', '256 Гб'),
       (23, 122, 'Цвет', 'Белый'),
       (24, 122, 'Емкость аккумулятора', '4370 мАч'),
       (25, 122, 'Страна производитель', 'Китай'),
       (26, 123, 'Модель', 'Samsung S21'),
       (27, 123, 'Память', '128 Гб'),
       (28, 123, 'Цвет', 'Белый'),
       (29, 123, 'Емкость аккумулятора', '3880 мАч'),
       (30, 123, 'Страна производитель', 'Китай'),
       (31, 124, 'Модель', 'Samsung S21'),
       (32, 124, 'Память', '256 Гб'),
       (33, 124, 'Цвет', 'Лаандовый'),
       (34, 124, 'Емкость аккумулятора', '3880 мАч'),
       (35, 124, 'Страна производитель', 'Вьетнам'),
       (36, 131,'Модель', 'HUAWEI P50 Pocket'),
       (37, 131, 'Память', '512 Гб'),
       (38, 131, 'Цвет', 'Золотой'),
       (39, 131, 'Емкость аккумулятора', '3900 мАч'),
       (40, 131, 'Страна производитель', 'Китай'),
       (41, 132,'Модель', 'HUAWEI P50 Pocket'),
       (42, 132, 'Память', '256 Гб'),
       (43, 132, 'Цвет', 'Золотой'),
       (44, 132, 'Емкость аккумулятора', '3900 мАч'),
       (45, 132, 'Страна производитель', 'Китай'),
       (46, 133,'Модель', 'HUAWEI P50'),
       (47, 133, 'Память', '256 Гб'),
       (48, 133, 'Цвет', 'Черный'),
       (49, 133, 'Емкость аккумулятора', '4100 мАч'),
       (50, 133, 'Страна производитель', 'Китай'),
       (51, 211, 'Модель', 'Samsung Buds 2'),
       (52, 211, 'Bluetooth', '5.2'),
       (53, 211, 'Цвет', 'Черный'),
       (54, 211, 'Емкость аккумулятора', '61 мАч'),
       (55, 211, 'Страна производитель', 'Вьетнам'),
       (56, 212, 'Модель', 'Samsung Buds 2'),
       (57, 212, 'Bluetooth', '5.2'),
       (58, 212, 'Цвет', 'Белый'),
       (59, 212, 'Емкость аккумулятора', '61 мАч'),
       (60, 212, 'Страна производитель', 'Вьетнам'),
       (61, 213, 'Модель', 'Xiaomi Redmi Buds 4 Pro'),
       (62, 213, 'Bluetooth', '5.3'),
       (63, 213, 'Цвет', 'Черный'),
       (64, 213, 'Емкость аккумулятора', '50 мАч'),
       (65, 213, 'Страна производитель', 'Китай'),
       (66, 214, 'Модель', 'Sony WF-1000XM4'),
       (67, 214, 'Bluetooth', '5.2'),
       (68, 214, 'Цвет', 'Черный'),
       (69, 214, 'Емкость аккумулятора', '50 мАч'),
       (70, 214, 'Страна производитель', 'Китай'),
       (71, 215, 'Модель', 'Edifier W820NB'),
       (72, 215, 'Bluetooth', '5.0'),
       (73, 215, 'Цвет', 'Черный'),
       (74, 215, 'Емкость аккумулятора', '400 мАч'),
       (75, 215, 'Страна производитель', 'Китай'),
       (76, 216, 'Модель', 'Razer Barracuda X'),
       (77, 216, 'Цвет', 'Белый'),
       (78, 216, 'Игровые наушники', 'Да'),
       (79, 216, 'Подсветка', 'Нет'),
       (80, 216, 'Страна производитель', 'Германия'),
       (81, 217, 'Модель', 'PlayStation PULSE 3D'),
       (82, 217, 'Цвет', 'Белый'),
       (83, 217, 'Игровые наушники', 'Да'),
       (84, 217, 'Подсветка', 'Нет'),
       (85, 217, 'Страна производитель', 'Япония'),
       (86, 218, 'Модель', 'Apple EarPods (Lightning)'),
       (87, 218, 'Цвет', 'Белый'),
       (88, 218, 'Игровые наушники', 'Нет'),
       (89, 218, 'Подсветка', 'Нет'),
       (90, 218, 'Страна производитель', 'Япония'),
       (91, 219, 'Модель', 'SVEN AP-U980MV'),
       (92, 219, 'Цвет', 'Черный'),
       (93, 219, 'Игровые наушники', 'Да'),
       (94, 219, 'Подсветка', 'Разноцветная'),
       (95, 219, 'Страна производитель', 'Вьетнам'),
       (96, 221, 'Модель', 'JBL GO 3'),
       (97, 221, 'Цвет', 'Черный'),
       (98, 221, 'Мощность', '4.2 Вт'),
       (99, 221, 'Bluetooth', '5.1'),
       (100, 221, 'Емкость аккумулятора', '750мАч'),
       (101, 221, 'Страна производитель', 'Китай'),
       (102, 222, 'Модель', 'DEXP P570'),
       (103, 222, 'Цвет', 'Черный'),
       (104, 222, 'Мощность', '50 Вт'),
       (105, 222, 'Bluetooth', '5.1'),
       (106, 222, 'Емкость аккумулятора', '3600 мАч'),
       (107, 222, 'Страна производитель', 'Китай'),
       (108, 223, 'Модель', 'JBL Xtreme 3'),
       (109, 223, 'Цвет', 'Черный'),
       (110, 223, 'Мощность', '100 Вт'),
       (111, 223, 'Bluetooth', '5.1'),
       (112, 223, 'Емкость аккумулятора', '5000 мА*ч'),
       (113, 223, 'Страна производитель', 'Китай'),
       (114, 224, 'Модель', 'Яндекс Станция Макс'),
       (115, 224, 'Цвет', 'Черный'),
       (116, 224, 'Мощность', '65 Вт'),
       (117, 224, 'Bluetooth', '4.2'),
       (118, 224, 'Питание', 'От сети'),
       (119, 224, 'Страна производитель', 'Китай'),
       (120, 225, 'Модель', 'Новая Яндекс.Станция Мини'),
       (121, 225, 'Цвет', 'Серый'),
       (122, 225, 'Мощность', '10 Вт'),
       (123, 225, 'Bluetooth', '5.0'),
       (124, 225, 'Питание', 'От сети'),
       (125, 225, 'Страна производитель', 'Китай'),
       (126, 226, 'Модель', 'Яндекс Станция Лайт'),
       (127, 226, 'Цвет', 'Бежевый'),
       (128, 226, 'Мощность', '5 Вт'),
       (129, 226, 'Bluetooth', '5.0'),
       (130, 226, 'Питание', 'От сети'),
       (131, 226, 'Страна производитель', 'Китай'),
       (132, 311, 'Модель', 'Apple Silicone Case with MagSafe'),
       (133, 311, 'Материал', 'ТПУ'),
       (134, 311, 'Цвет', 'синий'),
       (135, 312, 'Модель', 'Apple Silicone Case with MagSafe'),
       (136, 312, 'Материал', 'ТПУ'),
       (137, 312, 'Цвет', 'фиолетовый'),
       (138, 313, 'Модель', 'Apple Silicone Case with MagSafe'),
       (139, 313, 'Материал', 'ТПУ'),
       (140, 313, 'Цвет', 'синий'),
       (141, 314, 'Модель', 'Apple Clear Case with MagSafe'),
       (142, 314, 'Материал', 'поликарбонат'),
       (143, 314, 'Цвет', 'прозрачный'),
       (144, 315, 'Модель', 'Apple Leather Case with MagSafe'),
       (145, 315, 'Материал', 'натуральная кожа, поликарбонат'),
       (146, 315, 'Цвет', 'коричневый'),
       (147, 316, 'Модель', 'Apple Leather Case with MagSafe'),
       (148, 316, 'Материал', 'натуральная кожа, поликарбонат'),
       (149, 316, 'Цвет', 'черный'),
       (150, 317, 'Модель', 'Apple Silicone Case with MagSafe'),
       (151, 317, 'Материал', 'ТПУ'),
       (152, 317, 'Цвет', 'желтый'),
       (153, 318, 'Модель', 'Samsung Smart Clear View Cover'),
       (154, 318, 'Материал', 'поликарбонат, полиуретан'),
       (155, 318, 'Цвет', 'черный'),
       (156, 319, 'Модель', 'Samsung Silicone Cover with Strap'),
       (157, 319, 'Материал', 'поликарбонат, ТПУ'),
       (158, 319, 'Цвет', 'синий'),
       (159, 320, 'Модель', 'DF'),
       (160, 320, 'Материал', 'ТПУ'),
       (161, 320, 'Цвет', 'прозрачный'),
       (162, 321, 'Модель', 'DF'),
       (163, 321, 'Материал', 'ТПУ'),
       (164, 321, 'Цвет', 'черный'),
       (165, 322, 'Модель', 'Aceline Strap'),
       (166, 322, 'Материал', 'полиуретан, ТПУ'),
       (167, 322, 'Цвет', 'черный'),
       (168, 323, 'Разъем 1', 'Lightning 8-pin MFI'),
       (169, 323, 'Зазъем 2', 'USB'),
       (170, 323, 'Длина', '1 м'),
       (171, 324, 'Разъем 1', 'Lightning 8-pin MFI'),
       (172, 324, 'Зазъем 2', 'USB Type-C'),
       (173, 324, 'Длина', '1 м'),
       (174, 325, 'Разъем 1', 'Lightning 8-pin'),
       (175, 325, 'Зазъем 2', 'USB Type-C'),
       (176, 325, 'Длина', '1 м'),
       (177, 326, 'Разъем 1', 'USB Type-C'),
       (178, 326, 'Зазъем 2', 'USB Type-C'),
       (179, 326, 'Длина', '1 м'),
       (180, 327, 'Разъем 1', 'USB Type-C'),
       (181, 327, 'Зазъем 2', 'USB'),
       (182, 327, 'Длина', '1 м'),
       (183, 328, 'Разъем 1', 'micro USB'),
       (184, 328, 'Зазъем 2', 'USB'),
       (185, 328, 'Длина', '1 м'),
       (186, 329, 'Модель', 'Apple'),
       (187, 329, 'Совместимые модели', 'Apple iPhone 13 Pro, Apple iPhone 13, Apple iPhone 14'),
       (188, 329, 'Вид стекла', '2.5D'),
       (189, 330, 'Модель', 'Apple'),
       (190, 330, 'Совместимые модели', 'Apple iPhone 12 Pro, Apple iPhone 12'),
       (191, 330, 'Вид стекла', '2.5D'),
       (192, 331, 'Модель', 'Samsung'),
       (193, 331, 'Совместимые модели', 'Samsung Galaxy A22 5G, Samsung Galaxy A22s 5G'),
       (194, 331, 'Вид стекла', '2.5D');




insert into items (id,category_id, name, description, count, image, price, discount_price, discount, product_property_id)
values (1, 11, 'Apple IPhone 12', 'Дисплей',
        3, 'https://cdn.svyaznoy.ru/upload/iblock/7f2/ruru_iphone12_q121_white_pdp-image-1b.jpg/resize/453x480/',
        65000, 63000, true, 111);


